email,gender,city,state,last,phone,registered,username,dob,current_ts
bently.novak@example.com,male,killarney,ontario,novak,940-067-4165,1088929997,yellowostrich795,156346187,2023-11-29T17:29:18.901+05:30
james.ginnish@example.com,male,beaumont,prince edward island,ginnish,662-263-2195,1107854721,crazyswan287,1300597286,2023-11-29T17:29:18.901+05:30
olivia.lavoie@example.com,female,dorchester,new brunswick,lavoie,957-672-0008,1405140884,biggoose142,1086426954,2023-11-29T17:29:18.901+05:30
aubrey.wilson@example.com,female,georgetown,nunavut,wilson,746-684-5680,1017585719,crazycat326,84455966,2023-11-29T17:29:18.901+05:30
william.gagné@example.com,male,st. george,québec,gagné,089-640-4751,1040256488,heavymouse202,382627873,2023-11-29T17:29:18.901+05:30
charlotte.pelletier@example.com,female,minto,nunavut,pelletier,801-759-4766,936075230,crazyrabbit364,1095041880,2023-11-29T17:29:18.901+05:30
olivier.pelletier@example.com,male,campbellton,saskatchewan,pelletier,046-815-7220,951047384,redfish819,1325023880,2023-11-29T17:29:18.901+05:30
philip.ambrose@example.com,male,sherbrooke,newfoundland and labrador,ambrose,310-346-5876,916327632,organicostrich943,1284808006,2023-11-29T17:29:18.901+05:30
sarah.grewal@example.com,female,springfield,british columbia,grewal,454-770-6577,1033905606,heavybutterfly974,1207740905,2023-11-29T17:29:18.901+05:30
david.smith@example.com,male,stirling,prince edward island,smith,004-116-8916,1414462739,bluewolf464,237187800,2023-11-29T17:29:18.901+05:30
alexandre.thompson@example.com,male,selkirk,alberta,thompson,143-087-4815,1396823677,silverdog110,859072917,2023-11-29T17:29:18.901+05:30
juliette.brar@example.com,female,chelsea,northwest territories,brar,920-351-9580,1330057996,greenswan599,963186732,2023-11-29T17:29:18.901+05:30
alexandre.anderson@example.com,male,cochrane,newfoundland and labrador,anderson,811-372-2537,1047234612,redmouse416,645964065,2023-11-29T17:29:18.901+05:30
juliette.tremblay@example.com,female,cadillac,prince edward island,tremblay,889-875-0443,1389642679,silvermeercat857,819646974,2023-11-29T17:29:18.901+05:30
megan.lam@example.com,female,inwood,alberta,lam,374-977-9625,1395494081,orangerabbit158,35319967,2023-11-29T17:29:18.901+05:30
tristan.jean-baptiste@example.com,male,hudson,yukon,jean-baptiste,950-988-0687,1230555385,beautifulpanda157,1230159282,2023-11-29T17:29:18.901+05:30
elizabeth.lévesque@example.com,female,springfield,new brunswick,lévesque,760-389-6913,1023150673,heavymeercat309,23444209,2023-11-29T17:29:18.901+05:30
emilie.williams@example.com,female,chipman,alberta,williams,415-648-5729,1305988575,silverduck455,653917338,2023-11-29T17:29:18.901+05:30
dominic.ross@example.com,male,chelsea,northwest territories,ross,635-375-2496,919712075,organicduck653,1026930642,2023-11-29T17:29:18.901+05:30
benjamin.lavoie@example.com,male,stratford,prince edward island,lavoie,877-561-7884,1237948818,yellowkoala246,421122752,2023-11-29T17:29:18.901+05:30
leanne.chu@example.com,female,grand falls,manitoba,chu,735-335-4306,972499717,whitebutterfly945,953803125,2023-11-29T17:29:18.901+05:30
ella.slawa@example.com,female,cadillac,prince edward island,slawa,076-445-1265,951644450,tinyladybug781,189643872,2023-11-29T17:29:18.901+05:30
adam.ennis@example.com,male,brockton,ontario,ennis,954-561-2953,974385213,browngorilla502,111567913,2023-11-29T17:29:18.901+05:30
isabella.liu@example.com,female,belmont,british columbia,liu,046-696-4098,1156448339,bigpeacock600,1213988170,2023-11-29T17:29:18.901+05:30
aubrey.denys@example.com,female,southampton,québec,denys,692-490-3186,1201960515,biggoose421,802127952,2023-11-29T17:29:18.901+05:30
florence.johnson@example.com,female,port elgin,new brunswick,johnson,781-355-0021,1096701408,purplegorilla457,854849378,2023-11-29T17:29:18.901+05:30
elliot.clark@example.com,male,dorchester,british columbia,clark,028-961-2903,1299348504,beautifulrabbit904,227887201,2023-11-29T17:29:18.901+05:30
aiden.li@example.com,male,radisson,manitoba,li,971-223-4139,1236950120,brownduck323,202024935,2023-11-29T17:29:18.901+05:30
arthur.li@example.com,male,odessa,québec,li,346-812-2991,1119739871,blackostrich259,701516234,2023-11-29T17:29:18.901+05:30
alexandre.ma@example.com,male,lloydminster,nunavut,ma,189-916-5545,1112034492,organicpanda583,670308188,2023-11-29T17:29:18.901+05:30
vincent.roy@example.com,male,enterprise,yukon,roy,190-694-0853,1238709540,silverwolf395,555999657,2023-11-29T17:29:18.901+05:30
charlie.wong@example.com,female,carleton,nunavut,wong,931-396-2628,1220141235,yellowtiger396,727176925,2023-11-29T17:29:18.901+05:30
leanne.slawa@example.com,female,chatham,newfoundland and labrador,slawa,463-328-7224,1178940146,beautifulleopard586,964989414,2023-11-29T17:29:18.901+05:30
charlotte.kowalski@example.com,female,campbellton,alberta,kowalski,116-693-4901,1345432127,silverbird928,1259744822,2023-11-29T17:29:18.901+05:30
annabelle.anderson@example.com,female,red rock,manitoba,anderson,312-543-6718,1396724655,blackmeercat978,1134809887,2023-11-29T17:29:18.901+05:30
oliver.campbell@example.com,male,princeton,prince edward island,campbell,262-058-8321,915179298,orangerabbit716,371031536,2023-11-29T17:29:18.901+05:30
hudson.grewal@example.com,male,belmont,alberta,grewal,392-492-4430,1193574345,bigswan317,1364548561,2023-11-29T17:29:18.901+05:30
mia.brar@example.com,female,radisson,yukon,brar,653-080-5323,1308295200,bigpanda346,1236727262,2023-11-29T17:29:18.901+05:30
sophie.ennis@example.com,female,souris,saskatchewan,ennis,790-154-1048,964780561,smallfish800,1421540684,2023-11-29T17:29:18.901+05:30
alexis.bouchard@example.com,male,hampstead,yukon,bouchard,089-532-5300,1084639907,lazyrabbit586,858144599,2023-11-29T17:29:18.901+05:30
olivia.taylor@example.com,female,sidney,newfoundland and labrador,taylor,441-023-9173,1114098692,heavypanda143,709419506,2023-11-29T17:29:18.901+05:30
thomas.clark@example.com,male,hampton,alberta,clark,469-518-2297,917374320,organicfrog864,196667268,2023-11-29T17:29:18.901+05:30
arthur.gagnon@example.com,male,alma,yukon,gagnon,941-271-1456,1254860618,silvergorilla745,413942891,2023-11-29T17:29:18.901+05:30
matthew.johnson@example.com,male,elgin,newfoundland and labrador,johnson,728-867-0766,1007296232,yellowbear166,264336170,2023-11-29T17:29:18.901+05:30
hannah.thompson@example.com,female,field,saskatchewan,thompson,244-292-4195,1200567080,bigostrich987,47261078,2023-11-29T17:29:18.901+05:30
benjamin.anderson@example.com,male,delisle,nunavut,anderson,293-809-1207,1142894192,browncat931,356107826,2023-11-29T17:29:18.901+05:30
carter.abraham@example.com,male,hampton,northwest territories,abraham,739-684-9330,1054570235,purpleduck791,988326250,2023-11-29T17:29:18.901+05:30
bently.ginnish@example.com,male,maitland,prince edward island,ginnish,260-043-4474,1382244108,whitegorilla791,588549221,2023-11-29T17:29:18.901+05:30
clara.slawa@example.com,female,victoria,manitoba,slawa,157-040-4964,1073464893,lazypeacock635,373927688,2023-11-29T17:29:18.901+05:30
maeva.young@example.com,female,fountainbleu,nova scotia,young,674-270-6896,1245855317,bluebird612,1420738614,2023-11-29T17:29:18.901+05:30
emilie.taylor@example.com,female,trenton,british columbia,taylor,190-218-8522,1014588374,whitefish687,131825188,2023-11-29T17:29:18.901+05:30
alice.li@example.com,female,souris,saskatchewan,li,584-950-7680,1258413624,lazytiger265,1098739084,2023-11-29T17:29:18.901+05:30
adam.knight@example.com,male,elgin,québec,knight,660-636-5494,1390379988,bigostrich618,228080558,2023-11-29T17:29:18.901+05:30
ella.gagné@example.com,female,field,prince edward island,gagné,376-280-8710,926382044,goldengorilla818,490995404,2023-11-29T17:29:18.901+05:30
megan.chow@example.com,female,lasalle,québec,chow,578-390-5024,1115979473,blackpanda542,217339445,2023-11-29T17:29:18.901+05:30
vincent.chan@example.com,male,victoria,nunavut,chan,267-331-5672,1244985130,greengoose756,1199200262,2023-11-29T17:29:18.901+05:30
maya.thompson@example.com,female,princeton,northwest territories,thompson,399-925-6410,1014026416,whiteduck429,416606061,2023-11-29T17:29:18.901+05:30
liam.andersen@example.com,male,trenton,ontario,andersen,458-313-2770,1315218517,ticklishlion474,20575164,2023-11-29T17:29:18.901+05:30
felix.côté@example.com,male,stratford,saskatchewan,côté,898-432-9242,1070613904,ticklishlion479,736415301,2023-11-29T17:29:18.901+05:30
arthur.roy@example.com,male,chesterville,ontario,roy,476-096-5078,1349160743,greenpeacock193,253579015,2023-11-29T17:29:18.901+05:30
brielle.miller@example.com,female,st. george,alberta,miller,485-905-8518,1292110121,lazygoose429,349782183,2023-11-29T17:29:18.901+05:30
arthur.tremblay@example.com,male,southampton,manitoba,tremblay,077-448-0099,1229076559,purpleelephant529,1103941406,2023-11-29T17:29:18.901+05:30
alexis.bouchard@example.com,male,chatham,yukon,bouchard,304-001-5122,1196438192,heavypanda330,80306688,2023-11-29T17:29:18.901+05:30
gabrielle.morin@example.com,female,belmont,yukon,morin,391-738-6406,1022558244,crazypeacock959,879392546,2023-11-29T17:29:18.901+05:30
antoine.andersen@example.com,male,inverness,british columbia,andersen,160-165-6269,940118771,goldenpanda745,1225854922,2023-11-29T17:29:18.901+05:30
antoine.taylor@example.com,male,winfield,saskatchewan,taylor,412-391-5407,1061834242,yellowpeacock994,50381837,2023-11-29T17:29:18.901+05:30
camille.lam@example.com,female,charlottetown,alberta,lam,784-493-7114,1220041675,whitebutterfly872,104697690,2023-11-29T17:29:18.901+05:30
justine.liu@example.com,female,oakville,nova scotia,liu,017-755-6428,1025125949,crazylion301,137291986,2023-11-29T17:29:18.901+05:30
ryder.ginnish@example.com,male,deer lake,yukon,ginnish,451-039-3102,1236759488,goldenmeercat891,1311232617,2023-11-29T17:29:18.901+05:30
camille.abraham@example.com,female,notre dame de lourdes,yukon,abraham,867-893-8929,986814203,lazysnake526,1396545735,2023-11-29T17:29:18.901+05:30
antoine.roy@example.com,male,stratford,saskatchewan,roy,754-158-3366,1283679774,beautifulrabbit391,874191664,2023-11-29T17:29:18.901+05:30
alice.gagnon@example.com,female,chesterville,newfoundland and labrador,gagnon,628-762-3610,1206774195,brownpeacock429,87297804,2023-11-29T17:29:18.901+05:30
avery.bergeron@example.com,female,new glasgow,british columbia,bergeron,407-631-8979,1303314837,blackswan838,43696258,2023-11-29T17:29:18.901+05:30
laurie.wilson@example.com,female,new glasgow,alberta,wilson,995-679-8680,936782424,bigbutterfly823,1043639383,2023-11-29T17:29:18.901+05:30
delphine.singh@example.com,female,chelsea,prince edward island,singh,009-330-5028,1228497919,goldenbear642,1240133620,2023-11-29T17:29:18.901+05:30
jeanne.liu@example.com,female,fountainbleu,ontario,liu,388-179-2501,1392966933,yellowduck537,1196315637,2023-11-29T17:29:18.901+05:30
lucas.roy@example.com,male,maitland,ontario,roy,178-494-6480,1394371249,ticklishladybug581,307992408,2023-11-29T17:29:18.901+05:30
maxime.lo@example.com,male,new glasgow,newfoundland and labrador,lo,708-352-6124,1198019386,whitegoose215,387814369,2023-11-29T17:29:18.901+05:30
clara.gagnon@example.com,female,inwood,nova scotia,gagnon,708-733-1379,970703760,blackbear692,410111999,2023-11-29T17:29:18.901+05:30
theo.liu@example.com,male,notre dame de lourdes,manitoba,liu,214-419-5108,1037418922,tinyladybug163,1406643709,2023-11-29T17:29:18.901+05:30
brielle.harcourt@example.com,female,stirling,prince edward island,harcourt,692-422-0051,963058953,redcat841,1329337495,2023-11-29T17:29:18.901+05:30
aiden.gauthier@example.com,male,souris,ontario,gauthier,637-543-1288,1121571115,redbear144,879527999,2023-11-29T17:29:18.901+05:30
charles.bélanger@example.com,male,stratford,québec,bélanger,546-053-3496,1301217919,bigbear401,948058732,2023-11-29T17:29:18.901+05:30
hannah.brar@example.com,female,enterprise,nova scotia,brar,232-783-4123,1435281040,redleopard196,804189729,2023-11-29T17:29:18.901+05:30
marianne.margaret@example.com,female,cumberland,british columbia,margaret,307-674-8660,1340719553,crazybear442,540607718,2023-11-29T17:29:18.901+05:30
marianne.french@example.com,female,chipman,alberta,french,369-773-6358,1273506302,blacklion626,599132887,2023-11-29T17:29:18.901+05:30
ariane.campbell@example.com,female,delisle,saskatchewan,campbell,454-041-6648,1285259149,lazypeacock213,1414865564,2023-11-29T17:29:18.901+05:30
aiden.roy@example.com,male,chesterville,new brunswick,roy,320-202-6909,947053254,brownelephant430,257796861,2023-11-29T17:29:18.901+05:30
florence.clark@example.com,female,cartwright,new brunswick,clark,957-756-4047,928431320,brownpanda817,1201900385,2023-11-29T17:29:18.901+05:30
marilou.martin@example.com,female,clinton,alberta,martin,070-439-0050,944917906,bigladybug471,232847637,2023-11-29T17:29:18.901+05:30
lucas.ma@example.com,male,delta,ontario,ma,932-476-2096,1395229201,ticklishelephant502,653676358,2023-11-29T17:29:18.901+05:30
marilou.chan@example.com,female,chipman,newfoundland and labrador,chan,083-194-4504,1354216060,orangebutterfly303,1355634531,2023-11-29T17:29:18.901+05:30
alexander.mitchell@example.com,male,borden,saskatchewan,mitchell,068-901-5313,1297799828,bigbutterfly201,1159653202,2023-11-29T17:29:18.901+05:30
hudson.lo@example.com,male,notre dame de lourdes,northwest territories,lo,451-284-0342,1360734122,ticklishlion170,248278940,2023-11-29T17:29:18.901+05:30
maxime.gauthier@example.com,male,cartwright,prince edward island,gauthier,836-474-5980,1172960263,lazysnake992,964629286,2023-11-29T17:29:18.901+05:30
ethan.addy@example.com,male,summerside,northwest territories,addy,399-531-5562,1268026988,heavykoala766,651119565,2023-11-29T17:29:18.901+05:30
camille.lévesque@example.com,female,westport,québec,lévesque,180-423-3033,1060793585,beautifulladybug983,307759760,2023-11-29T17:29:18.901+05:30
justine.thompson@example.com,female,radisson,prince edward island,thompson,565-629-9147,939323540,yellowwolf309,1155160334,2023-11-29T17:29:18.901+05:30
sarah.chow@example.com,female,inwood,manitoba,chow,864-420-7065,1423108540,smallleopard798,594421739,2023-11-29T17:29:18.901+05:30
adam.lévesque@example.com,male,campbellton,northwest territories,lévesque,818-182-2113,1392625662,redelephant663,1233070334,2023-11-29T17:29:18.901+05:30
